[
  {
    "id": "0ed386dc-3cc6-405f-9618-96b535d9c462",
    "data": [
      {
        "text": "+",
        "userDefined": false
      },
      {
        "text": "94713746049",
        "meta": "@sys.phone-number",
        "alias": "phone-number",
        "userDefined": true
      }
    ],
    "isTemplate": false,
    "count": 0,
    "lang": "en",
    "updated": 0
  },
  {
    "id": "ee5fbf4f-92fb-45d9-8166-b4467e79bf13",
    "data": [
      {
        "text": "0713746049",
        "meta": "@sys.phone-number",
        "alias": "phone-number",
        "userDefined": true
      }
    ],
    "isTemplate": false,
    "count": 0,
    "lang": "en",
    "updated": 0
  },
  {
    "id": "f72294ec-954b-42ea-85dc-be203862cf8b",
    "data": [
      {
        "text": "Kavinda Bandara",
        "meta": "@sys.given-name",
        "alias": "given-name",
        "userDefined": true
      }
    ],
    "isTemplate": false,
    "count": 0,
    "lang": "en",
    "updated": 0
  },
  {
    "id": "0cb199c4-b24c-41ee-99ed-3d33c9e5d94c",
    "data": [
      {
        "text": "Jhone",
        "meta": "@sys.given-name",
        "alias": "given-name",
        "userDefined": true
      },
      {
        "text": " ",
        "userDefined": false
      },
      {
        "text": "555-555-555-555",
        "meta": "@sys.phone-number",
        "alias": "phone-number",
        "userDefined": false
      }
    ],
    "isTemplate": false,
    "count": 0,
    "lang": "en",
    "updated": 0
  }
]