[
  {
    "id": "6100e29a-2732-47c0-8bac-d90e5aa30ecd",
    "data": [
      {
        "text": "Regular",
        "meta": "@PizzaCrustStyle",
        "alias": "crust",
        "userDefined": false
      },
      {
        "text": " crust pizza with ",
        "userDefined": false
      },
      {
        "text": "chicken",
        "meta": "@PizzaIngredient",
        "alias": "ingredients",
        "userDefined": false
      }
    ],
    "isTemplate": false,
    "count": 0,
    "lang": "en",
    "updated": 0
  },
  {
    "id": "a1edde57-a139-4516-a5f9-7cd16a6dd8dc",
    "data": [
      {
        "text": "I want ",
        "userDefined": false
      },
      {
        "text": "Regular",
        "meta": "@PizzaCrustStyle",
        "alias": "crust",
        "userDefined": true
      },
      {
        "text": " crust",
        "userDefined": false
      }
    ],
    "isTemplate": false,
    "count": 0,
    "lang": "en",
    "updated": 0
  },
  {
    "id": "55ce0b16-0b68-4f1a-b5ee-3b951f8bbb0a",
    "data": [
      {
        "text": "I want a ",
        "userDefined": false
      },
      {
        "text": "medium",
        "meta": "@PizzaSize",
        "alias": "size",
        "userDefined": true
      },
      {
        "text": " pizza with ",
        "userDefined": false
      },
      {
        "text": "cheese",
        "meta": "@PizzaIngredient",
        "alias": "ingredients",
        "userDefined": true
      },
      {
        "text": " and ",
        "userDefined": false
      },
      {
        "text": "sausage",
        "meta": "@PizzaIngredient",
        "alias": "ingredients",
        "userDefined": true
      }
    ],
    "isTemplate": false,
    "count": 0,
    "lang": "en",
    "updated": 0
  },
  {
    "id": "f7898c6a-f678-48a3-8096-949f018f3cc5",
    "data": [
      {
        "text": "I want ",
        "userDefined": false
      },
      {
        "text": "small",
        "meta": "@PizzaSize",
        "alias": "size",
        "userDefined": true
      },
      {
        "text": " ",
        "userDefined": false
      },
      {
        "text": "chicken",
        "meta": "@PizzaIngredient",
        "alias": "ingredients",
        "userDefined": true
      },
      {
        "text": " pizza",
        "userDefined": false
      }
    ],
    "isTemplate": false,
    "count": 0,
    "lang": "en",
    "updated": 0
  },
  {
    "id": "bec0a527-f296-47c1-9a5c-2d2a80397507",
    "data": [
      {
        "text": "Can I have a ",
        "userDefined": false
      },
      {
        "text": "large",
        "meta": "@PizzaSize",
        "alias": "size",
        "userDefined": true
      },
      {
        "text": " ",
        "userDefined": false
      },
      {
        "text": "sausage",
        "meta": "@PizzaIngredient",
        "alias": "ingredients",
        "userDefined": true
      },
      {
        "text": " pizza?",
        "userDefined": false
      }
    ],
    "isTemplate": false,
    "count": 0,
    "lang": "en",
    "updated": 0
  },
  {
    "id": "a9866fab-346f-4f1d-bdf1-bd4c59861aff",
    "data": [
      {
        "text": "pizza order",
        "userDefined": false
      }
    ],
    "isTemplate": false,
    "count": 0,
    "lang": "en",
    "updated": 0
  },
  {
    "id": "56395701-c266-4ee7-8285-a2f326a16256",
    "data": [
      {
        "text": "I want pizza",
        "userDefined": false
      }
    ],
    "isTemplate": false,
    "count": 0,
    "lang": "en",
    "updated": 0
  },
  {
    "id": "1b72f76f-d9c1-4822-8a63-fbb0b92e975f",
    "data": [
      {
        "text": "Order a pizza",
        "userDefined": false
      }
    ],
    "isTemplate": false,
    "count": 0,
    "lang": "en",
    "updated": 0
  },
  {
    "id": "714e5851-7325-4021-8972-e3620834ba23",
    "data": [
      {
        "text": "Can I make a pizza order",
        "userDefined": false
      }
    ],
    "isTemplate": false,
    "count": 0,
    "lang": "en",
    "updated": 0
  },
  {
    "id": "e2a17909-61a0-4870-b562-441cbcf91adf",
    "data": [
      {
        "text": "I want to order a pizza",
        "userDefined": false
      }
    ],
    "isTemplate": false,
    "count": 0,
    "lang": "en",
    "updated": 0
  }
]