[
  {
    "id": "dcc6e39e-ee50-445c-9a4b-9bdd67abea17",
    "data": [
      {
        "text": "Do you have any pizza specials?",
        "userDefined": false
      }
    ],
    "isTemplate": false,
    "count": 0,
    "lang": "en",
    "updated": 0
  },
  {
    "id": "d1cdceae-cb46-4896-bb6f-2c074ce52fc1",
    "data": [
      {
        "text": "Any pizza specials?",
        "userDefined": false
      }
    ],
    "isTemplate": false,
    "count": 0,
    "lang": "en",
    "updated": 0
  },
  {
    "id": "8c7a6401-e2d0-4895-8e08-071c90107f90",
    "data": [
      {
        "text": "deals",
        "userDefined": false
      }
    ],
    "isTemplate": false,
    "count": 0,
    "lang": "en",
    "updated": 0
  },
  {
    "id": "2e4aeb4d-d1eb-4175-a5ea-70fd54d9874c",
    "data": [
      {
        "text": "do you have a deal of the day?",
        "userDefined": false
      }
    ],
    "isTemplate": false,
    "count": 0,
    "lang": "en",
    "updated": 0
  },
  {
    "id": "b3a0da2c-4735-40ab-9fd1-77ff74e83351",
    "data": [
      {
        "text": "specials",
        "userDefined": false
      }
    ],
    "isTemplate": false,
    "count": 0,
    "lang": "en",
    "updated": 0
  },
  {
    "id": "09420307-7be3-4871-963b-343c0c93c914",
    "data": [
      {
        "text": "Any special",
        "userDefined": false
      }
    ],
    "isTemplate": false,
    "count": 0,
    "lang": "en",
    "updated": 0
  },
  {
    "id": "a22262cc-925e-477f-ae32-716b3e66a546",
    "data": [
      {
        "text": "special offer",
        "userDefined": false
      }
    ],
    "isTemplate": false,
    "count": 0,
    "lang": "en",
    "updated": 0
  },
  {
    "id": "9f5c6236-e90c-43f1-8f6c-dd56ff5d28ce",
    "data": [
      {
        "text": "any special offer",
        "userDefined": false
      }
    ],
    "isTemplate": false,
    "count": 0,
    "lang": "en",
    "updated": 0
  },
  {
    "id": "6dab3fe5-9b35-4f9b-871a-2864d85e235d",
    "data": [
      {
        "text": "Do you have any special offers?",
        "userDefined": false
      }
    ],
    "isTemplate": false,
    "count": 0,
    "lang": "en",
    "updated": 0
  }
]